{"paths":{},"types":[],"uuids":["6ezQNySUpDLYx1vDN0n+L7","d2swUMqEJPFIT3Mo1OqVSt","53ihPxzDhJ7aqoXyV3od1L","1dbMz1NT5MEJvcKZuZIJ8R","183f9e654","91DYkNYalNwbka2me8VBnS","3dxE1aiidOyrWNiRFMND29","ecpdLyjvZBwrvm+cedCcQy","76OlHWMbZC75J0XVSi3dgZ","40tAgzFuZEyrlxllQcld4R","a2MjXRFdtLlYQ5ouAFv/+R","7a/QZLET9IDreTiBfRn2PD","e3yb1aGZpADpPUnbsrvFzW","15xfMuKiJE1ajcG1rVTdzs","d2NAKKr7lPioV14lP40bo+","56nbVzVIdNb55EEEyhselO","30+6XE2mFNQoRxvBCSX9pb","dd5iJ4SXlFNrdysZI/nhy7","84g4U40z9Hf7BpVQYFlhB4","40YpoDiwZBtqVEzCBCNozc","87J4U6piVEmZZGBf1iJ6L2","0bUf8NCyVOw5ImkWX7cO2w","afoY72nZNI64QPyDWB0xxk","4cGUCc50FJN64LTikC9wEh","5eir4PFQZEvL6d1CS7By2U","edxGfl8ItI4KpjNQIP4FWb","02delMVqdBD70a/HSD99FK"],"scenes":{"db://assets/frame/scene/Student.fire":0},"redirect":[7,0,11,0,26,0],"deps":["internal"],"packs":{"0a9018520":[21,13,16,19,9,23,15,24,0,8,18,20,10,22,14,17,12,25],"0738895b4":[4,3,6,2,5,1]},"name":"main","importBase":"import","nativeBase":"native","debug":false,"isZip":false,"encrypted":false,"versions":{"import":["0738895b4","d0519","0a9018520","a74b7"],"native":[4,"c2e5a",3,"6570a",6,"c09d3",2,"8f6d9",5,"f429d",1,"a17f5"]}}