{"paths":{"0":["audios/absorb_water2",0],"1":["audios/click_bubble1",0],"2":["audios/right_metal",0],"3":["audios/wrong_bass",0],"4":["prefab/ui/Item/levelProgress",1],"5":["prefab/ui/Item/titleBoard",1],"6":["prefab/ui/panel/GamePanel",1]},"types":["cc.AudioClip","cc.Prefab"],"uuids":["76CyNXfPdKvpJqx9lAkN3t","a8hreOaEZDu7Hf+ciQt46/","c8ttlWk39L6oc+sDHuEojy","46K81naUFCk5ZmIZhPx83u","07P9T3TBFNdbKyrQ+qqpoR","0fXsoQE5xNN49CN5F+6BzR","32+FX7rEVKcJkkZSzITPiN","2auoJYJ4pJ2I0/n84Jc4xZ","2aN1fdLhBG8r9XFUq/ZcP2","0avkUp6mlD4bhgo4kLDGq/","02eKutElZC5aE4x8DEkXHg","ae/Th9eehO6bu0GoXAcR16","b3FxTEXkVF0o3F0iADHyj8","faJACI3TJC5qhDYz//geMe","2fI5kKzKlEeJjZIkQI1nvt","2bBSowcjJDWo7r+aPDJxXU","68eQHuFTNLU7UMDKrTTyLz","08Yphl2cxBa5U14KMt8kr3","02aqH9xNxO75ASF/TyyeGy","fdb5j50IlFTZKo3+bUcdIj","e5ZioMkCBGxosUG+T3cN5M","bawnyTUlNM7oqpEzfDiQ98","ad7eSj68FFirfYvrsoMUNw","47KMlZGWRMebxqWPpwAklY","fcyB5h3sBKdai9BNWIPaSh","0dZf11s/pMFYp0a9Gi6GRZ","aad9j3GmFJdL0Y/ggryBs1","43J5KBOxBHfKlumhSDziVW","6ehGyfTJdGErbYVvcK9ljz","17skZSP51OhbnkIdlU+czd","c9iFTmUiZJQ7G+aAPyws2b","e4KpwPh+hCPrPWzi/VvAHF","43CY2CO9NNsZr/9OffQyVr","08eB8bkztDxYsAf8uONg/t","40xpK2/JZH8JPD0LQ+PDge","b223gc33hHorkAgEwinK7U","c7MQcTgtBINIpsOqsdBWEU","e7vvPNhKpEfpulas0sc/XH","16mHrnCJJN+rVyvu8dAF9m","6656jg22BGLKK+uJFFjDaz","2eGal0+DxCDI6LUs5vTo65","91dA3QoqJFs6EoaXr0Q+Tu","4fer7+teFLq7CWplV/G8dJ","66HYFWzJBMrIeU0YgVPuzU","64Vj7TcEdKiKlkCxo+PuME","d8UQDhbrVDt7s+/RbH/BLS","2aux1LB2FJ9LJ89a3jiYqy","1dex6Y0r1L94TIrbVanuoE","4c4Kz34A1Mm6TLyYSthwQI","ddFvrg9qFG4qRHvWx2LbgG","155d012e1","7a/QZLET9IDreTiBfRn2PD","d5ul8M6vpKEpuc981aVRYt","ecpdLyjvZBwrvm+cedCcQy","47t8O2AQJMm5ti7zYMym9W","81IUWcisVCl5pQ0hqq8L81","a1vqmx3WxAhLC3X3+9N/kq","8fjedoqHtMiLIVkURDWIpi","7ccevMgMtEH5AcAZ5d4hBZ","59Y65biGhNDayakvuUj5zW","9aHLJoYZJLjoLMOhytkiiY","d4GUsCIcpJormNOT4KJqcb","f9Ww2caL5HiKa4rl0DcDHA","50QYfVREBPBZdRqSiZx7TO","f1dlzXxB9FoKqs9MliuTRT","b7OgnBRQpJlJoL98g266Mx","f2p1x4nZJLgqC00y3cWJnN","19kK5pbelESo9/zIUYZh1P","06EQ1VSq1EL77upXX0NPhl","8bf0o0efZDupbot5wX/YOJ","de6r+Od+FDe6bT74N0WEWm","08bc6IpNxCEKlBm2PiofRk","65l4E0lV5N95gaw8CVP+sh","89My5f0VhLAr7tdAKRvMX5","43vDUSX1lOAp8yWF/YASvp","0a6KgOLqhCoon065RaleOw","60Ph9TLYlHfYua5RWa2qLi","07hbocerhMh5XAb93RQEYN","b3uYxLcHZHTpvk2mGTJO/+","93Hdx1Wu5Nk4dPnx8z2zLU","4aGW56auNMIKlsAOl1u4ei","b2+2pLAQBMiaF9vmsIY1KP","5djNOKM2RPp4lQFGTpHj0R","f4HFAMRo5DFLy/jA2qb8kk","7cesPDDlBBNIuRG8pqIrli","2eGd+VBkZEVaszqa9MNkNu","a3UbXsZCtOHIIhtTKSuPNz","33PVuSDw1Efp4/kKgGF3JD","9fuWjZS9lJO7c3x3J3st74","03I7mX3DlAwatOkIJ7RRbV","a2czQne/RK1rBNwejNmALI","f2uBaBoThH4IYK9gX4WgNs","61vv01DJxIIqMHnAaZfVzR","c5UbGYq7ZOMrbTQPRtaYUi","8ajNrCftNDRZ4N+2rsXvzM","b3Z+6SP6BOV7Ux6uyFenI4","6bKvxzjGpLV4cM5fFbXHgx"],"scenes":{},"redirect":[51,0,53,0],"deps":["internal"],"packs":{"03b4ddc05":[4,55],"08401e15d":[89,68,77,71,75,67,85,6,87,74,80,63,59,82,76,92,72,96,58,84,73,94,69,57,79,60,88,56,90,86,81,95,78,65,93,61,70,64,66,91,83,62],"0ead8e951":[5,54,52],"0f79e4736":[18,10,17,33,9,25,50,38,29,47,8,46,15,40,14,34,32,27,23,48,42,44,43,39,16,28,41,26,22,11,35,12,21,36,30,45,49,31,20,37,13,24,19]},"name":"resources","importBase":"import","nativeBase":"native","debug":false,"isZip":false,"encrypted":false,"versions":{"import":["03b4ddc05","0c846","08401e15d","b0958","0ead8e951","1ec9e","0f79e4736","c14cc",7,"3cb10",3,"640ef",0,"fa5e2",1,"27c79",2,"61e88"],"native":[18,"82bee",10,"8674d",17,"47ea6",33,"98a84",9,"48406",25,"84cbd",50,"5342e",38,"6d575",29,"cbcb6",47,"f4b57",8,"1de51",7,"8a0b6",46,"21ce9",15,"50d43",40,"c7239",14,"7ae48",34,"7ccff",32,"dd85f",27,"60bcb",3,"c3753",23,"52f39",48,"73f79",42,"72b90",44,"90064",43,"f562a",39,"a14ae",16,"4e5a4",28,"31be2",0,"f6b5e",41,"925d9",1,"efc42",26,"0d077",22,"49e12",11,"0d077",35,"29c80",12,"060db",21,"1fefb",36,"a661b",2,"52635",30,"6103e",45,"e8746",49,"66b3b",31,"4d317",20,"10665",37,"1fefb",13,"29c80",24,"56da2",19,"00817"]}}