{"paths":{"0":["audios/absorb_water2",0],"1":["audios/click_bubble1",0],"2":["audios/right_metal",0],"3":["audios/wrong_bass",0],"4":["prefab/ui/Item/levelProgress",1],"5":["prefab/ui/Item/titleBoard",1],"6":["prefab/ui/panel/GamePanel",1],"7":["prefab/ui/panel/TeacherPanel",1]},"types":["cc.AudioClip","cc.Prefab"],"uuids":["76CyNXfPdKvpJqx9lAkN3t","a8hreOaEZDu7Hf+ciQt46/","c8ttlWk39L6oc+sDHuEojy","46K81naUFCk5ZmIZhPx83u","07P9T3TBFNdbKyrQ+qqpoR","0fXsoQE5xNN49CN5F+6BzR","32+FX7rEVKcJkkZSzITPiN","62rz3SUm9N9oHvw7KM9Kh5","2auoJYJ4pJ2I0/n84Jc4xZ","0avkUp6mlD4bhgo4kLDGq/","2aN1fdLhBG8r9XFUq/ZcP2","02eKutElZC5aE4x8DEkXHg","ae/Th9eehO6bu0GoXAcR16","2fI5kKzKlEeJjZIkQI1nvt","b3FxTEXkVF0o3F0iADHyj8","2bBSowcjJDWo7r+aPDJxXU","fdb5j50IlFTZKo3+bUcdIj","faJACI3TJC5qhDYz//geMe","02aqH9xNxO75ASF/TyyeGy","68eQHuFTNLU7UMDKrTTyLz","e5ZioMkCBGxosUG+T3cN5M","08Yphl2cxBa5U14KMt8kr3","bawnyTUlNM7oqpEzfDiQ98","fcyB5h3sBKdai9BNWIPaSh","47KMlZGWRMebxqWPpwAklY","ad7eSj68FFirfYvrsoMUNw","0dZf11s/pMFYp0a9Gi6GRZ","aad9j3GmFJdL0Y/ggryBs1","43J5KBOxBHfKlumhSDziVW","c9iFTmUiZJQ7G+aAPyws2b","6ehGyfTJdGErbYVvcK9ljz","17skZSP51OhbnkIdlU+czd","e4KpwPh+hCPrPWzi/VvAHF","43CY2CO9NNsZr/9OffQyVr","08eB8bkztDxYsAf8uONg/t","40xpK2/JZH8JPD0LQ+PDge","b223gc33hHorkAgEwinK7U","c7MQcTgtBINIpsOqsdBWEU","e7vvPNhKpEfpulas0sc/XH","16mHrnCJJN+rVyvu8dAF9m","2eGal0+DxCDI6LUs5vTo65","6656jg22BGLKK+uJFFjDaz","91dA3QoqJFs6EoaXr0Q+Tu","64Vj7TcEdKiKlkCxo+PuME","d8UQDhbrVDt7s+/RbH/BLS","4fer7+teFLq7CWplV/G8dJ","66HYFWzJBMrIeU0YgVPuzU","1dex6Y0r1L94TIrbVanuoE","2aux1LB2FJ9LJ89a3jiYqy","4c4Kz34A1Mm6TLyYSthwQI","ddFvrg9qFG4qRHvWx2LbgG","b4P/PCArtIdIH38t6mlw8Y","71VhFCTINJM6/Ky3oX9nBT","e8Ueib+qJEhL6mXAHdnwbi","9dYAAftfRHJqYpJlnj3tC4","56fc2Ai/RFNYpaMT8crweK","58MfI42OJASKcPaEj0RgZp","1b36c3b69","7a/QZLET9IDreTiBfRn2PD","d5ul8M6vpKEpuc981aVRYt","ecpdLyjvZBwrvm+cedCcQy","47t8O2AQJMm5ti7zYMym9W","a1vqmx3WxAhLC3X3+9N/kq","8fjedoqHtMiLIVkURDWIpi","7ccevMgMtEH5AcAZ5d4hBZ","59Y65biGhNDayakvuUj5zW","9aHLJoYZJLjoLMOhytkiiY","d4GUsCIcpJormNOT4KJqcb","f9Ww2caL5HiKa4rl0DcDHA","50QYfVREBPBZdRqSiZx7TO","f1dlzXxB9FoKqs9MliuTRT","b7OgnBRQpJlJoL98g266Mx","f2p1x4nZJLgqC00y3cWJnN","19kK5pbelESo9/zIUYZh1P","06EQ1VSq1EL77upXX0NPhl","8bf0o0efZDupbot5wX/YOJ","de6r+Od+FDe6bT74N0WEWm","08bc6IpNxCEKlBm2PiofRk","65l4E0lV5N95gaw8CVP+sh","89My5f0VhLAr7tdAKRvMX5","43vDUSX1lOAp8yWF/YASvp","0a6KgOLqhCoon065RaleOw","60Ph9TLYlHfYua5RWa2qLi","07hbocerhMh5XAb93RQEYN","b3uYxLcHZHTpvk2mGTJO/+","93Hdx1Wu5Nk4dPnx8z2zLU","4aGW56auNMIKlsAOl1u4ei","b2+2pLAQBMiaF9vmsIY1KP","5djNOKM2RPp4lQFGTpHj0R","f4HFAMRo5DFLy/jA2qb8kk","7cesPDDlBBNIuRG8pqIrli","2eGd+VBkZEVaszqa9MNkNu","a3UbXsZCtOHIIhtTKSuPNz","33PVuSDw1Efp4/kKgGF3JD","9fuWjZS9lJO7c3x3J3st74","03I7mX3DlAwatOkIJ7RRbV","a2czQne/RK1rBNwejNmALI","f2uBaBoThH4IYK9gX4WgNs","61vv01DJxIIqMHnAaZfVzR","c5UbGYq7ZOMrbTQPRtaYUi","8ajNrCftNDRZ4N+2rsXvzM","b3Z+6SP6BOV7Ux6uyFenI4","6bKvxzjGpLV4cM5fFbXHgx","81IUWcisVCl5pQ0hqq8L81","76OlHWMbZC75J0XVSi3dgZ","31dyOYhK5DH6xtK1ew1mdi","e97GVMl6JHh5Ml5qEDdSGa","f0BIwQ8D5Ml7nTNQbh1YlS","29FYIk+N1GYaeWH/q1NxQO","78/dcSo/JEdafSAhXCTM6e","1aMvx28L1PZpgPVpKcDKCz","e7q6FL+VZEgLJUjVeDLic/","a2MjXRFdtLlYQ5ouAFv/+R","93u2P5heJI+qXs6oddCrFt","02delMVqdBD70a/HSD99FK"],"scenes":{},"redirect":[58,0,60,0,114,0],"deps":["internal"],"packs":{"03b4ddc05":[4,103],"0102b0832":[110,108,105,7,104,109,113,112,111,106,107],"0ead8e951":[5,61,59],"08401e15d":[95,74,83,77,81,73,91,6,93,80,86,69,65,88,82,98,78,102,64,90,79,100,75,63,85,66,94,62,96,92,87,101,84,71,99,67,76,70,72,97,89,68],"0e53ad2fb":[18,11,21,34,9,26,39,31,57,47,10,48,15,40,13,35,33,28,24,49,45,55,56,43,46,41,19,30,52,42,54,27,25,12,36,14,51,22,37,29,44,50,32,20,38,53,17,23,16]},"name":"resources","importBase":"import","nativeBase":"native","debug":false,"isZip":false,"encrypted":false,"versions":{"import":["0102b0832","e15a7","03b4ddc05","056ed","08401e15d","b0958","0e53ad2fb","bfc46","0ead8e951","e5357",8,"3cb10",3,"640ef",0,"fa5e2",1,"27c79",2,"61e88"],"native":[18,"82bee",11,"8674d",21,"47ea6",34,"98a84",9,"48406",26,"84cbd",39,"6d575",31,"cbcb6",57,"e1166",47,"f4b57",10,"1de51",8,"8a0b6",48,"21ce9",15,"50d43",40,"c7239",13,"7ae48",35,"7ccff",33,"dd85f",28,"60bcb",3,"c3753",24,"52f39",49,"73f79",45,"72b90",55,"5f1d9",56,"17dd6",43,"90064",46,"f562a",41,"a14ae",19,"4e5a4",30,"31be2",52,"c06a9",0,"f6b5e",42,"925d9",54,"e0234",1,"efc42",27,"0d077",25,"49e12",12,"0d077",36,"29c80",14,"060db",51,"83fcc",22,"1fefb",37,"a661b",2,"52635",29,"6103e",44,"e8746",50,"66b3b",32,"4d317",20,"10665",38,"1fefb",53,"90cf4",17,"29c80",23,"56da2",16,"00817"]}}