{"paths":{"0":["audios/错误反馈",0],"1":["audios/答对啦",0],"2":["audios/答题错误",0],"3":["audios/答题胜利",0],"4":["audios/点击格子",0],"5":["audios/都对啦，你太棒了！",0],"6":["audios/环形道路",0],"7":["audios/记录下正确的数据",0],"8":["audios/间隔2格种1棵",0],"9":["audios/间隔3格种1棵",0],"10":["audios/间隔4格种1棵",0],"11":["audios/间隔6格种1棵",0],"12":["audios/两端都不种",0],"13":["audios/两端都要种",0],"14":["audios/请填写记录",0],"15":["audios/一端种一端不种",0],"16":["audios/这里有问题哦，再尝试一下吧",0],"17":["audios/种植",0],"18":["prefab/ui/Item/levelProgress",1],"19":["prefab/ui/Item/titleBoard",1],"20":["prefab/ui/panel/GamePanel",1],"21":["prefab/ui/panel/TeacherPanel",1]},"types":["cc.AudioClip","cc.Prefab"],"uuids":["ccweHxT8JGnqFZ5EyFClL6","bacIel3ZZOkaY9e2zVpuOI","46feDAk3NOXrK2Wsj0XnxZ","15BlmHy1pDhKRWRf6Bchmo","29Mz7R3GBB7622q/4SW7Q1","8fP7C6SWhN+rwI0VtuMPYe","38atvQo+hARbOf/gG+Y58Q","e5XRqGrQJLLJkwxKu0Jbr/","f5EbAsmFpMFIhG/3xuqWyC","ebU8/35LlBUqfv338izCK3","a6YWe5sTVHvb1Wn0VkERY6","04+zjj2dBMxZcfDCsyuSpu","80uxVNkN9KxbOIFusPAkaL","04dqZOLqRPRJmDN2MvasF2","775eFRadRPgaeEVdPHTM5b","5dsflJBrdBhLaK2FOETFAn","7e/vU51yhA8aN+LXMDTXXR","adlh/FTRtEo76u+/X6GuHO","07P9T3TBFNdbKyrQ+qqpoR","0fXsoQE5xNN49CN5F+6BzR","32+FX7rEVKcJkkZSzITPiN","62rz3SUm9N9oHvw7KM9Kh5","2auoJYJ4pJ2I0/n84Jc4xZ","2aN1fdLhBG8r9XFUq/ZcP2","0bYl+7OWRE14KpDWSztTRV","3bU2ZrtxtCCoWrPlGeCfU1","e4Ln1C4N5BWZ8pArMTRwXl","c2uuwevD9LAbk2RcW/k1C/","53vxW+E65Mt7Hy8se7WwZT","e5dkdGWodCH4YCOSeHbLfO","21zBX2kORPQaGf1UspbJZf","bazNNZhhBI14OSOPBzFW1h","a3m79qdBhPk4keBYaUVx9J","b9kJ7cIApIM42+YoAHttbU","edVJyru1JDL65vnlOGumQ1","504w2cQR1NzbnqOCKDNJ1C","b81IBr2Z5AVrbeSyb1w2xm","d5Klx9GkRDKq3JPDNg8U4h","2funNPh8FFD4b9jjPpHjqj","533d12rhtBEJJfq5ws8a0F","76HsE8TV5OZZ47x1EqsgP4","03xd2UTABCg7cr8AajWubb","8eRISj2OZMJrGUsX4tENCw","eauDR43YVMoaU/j/ZmdBKS","32KxLNlz5Hmbro7izVeBYZ","e4HXJwWhhLXYwiJk5hHTpv","fbrDAEvJFIc7U2k/f6a5Zj","deL/SptUBAkorHiMF7x+Ap","29io2WmlFJaaAOblsapxkf","82uZ7zTJpEMatGj0B0raCo","2chmSVicFMEYE86R5Af069","b9Kd4apo1P/5EzQWitsIxK","fcFSN4dOtGVrRkCbliAa4c","135W7kyMFO56AjmBvrJ27c","d1mJNlArNIPZxdioxP2Hhk","12kPO5Wk9Ev6LwjvwamUWR","e8PJyM1GdGkac5vjYYRLr+","33icZMpahF8JDEkFFFiQ+z","15ffBQEe1I1rzeu9rm9slf","b4P/PCArtIdIH38t6mlw8Y","e8Ueib+qJEhL6mXAHdnwbi","71VhFCTINJM6/Ky3oX9nBT","9dYAAftfRHJqYpJlnj3tC4","56fc2Ai/RFNYpaMT8crweK","58MfI42OJASKcPaEj0RgZp","1b36c3b69","7a/QZLET9IDreTiBfRn2PD","d5ul8M6vpKEpuc981aVRYt","ecpdLyjvZBwrvm+cedCcQy","47t8O2AQJMm5ti7zYMym9W","81IUWcisVCl5pQ0hqq8L81","d7Cua7UUVPlbj01A7yb5PT","b5ifXmSbVK1Ku/tJdp8YU7","41GurozRJPHYRlUtQ7tYwD","70p5NYUMpHwoXo7pyirP/6","91G/BcFihNDpFLjDUdr466","cddUSAAZFIzZD4Otno98Gq","51/4BzXbZN4YMLfAJpAhNh","df9KV+tpZCsKp0W3sphDXY","63NC6r0XVFZL2BhnsGhyXF","9aHJTTe6hNf790ygsmMabW","6b9CP6hpFJw7QhFiSIHKT6","a4OzSnyTlGpqPAxnXXSPJb","bf8vj5lrtHV60rImvVLwFS","04WPEnYUVJXabOrcT2gf9E","07zJv7EA9E5Z0u7ELhdQ28","24sjaO+F5C84fPIZeWQbvZ","51Jm2tXW1E66UBU+MSYJVb","a2MjXRFdtLlYQ5ouAFv/+R","70ltlxiANMPZ4xdaE2RI7J","c4x3NwvflLhqrCKHPPBjrL","21AIE3iURAn7B2kdLBjTYe","76QFzOo3tHKajzx898qhuw","3d/i5k0wBEQIEqFmALLjZI","5dgNwoPndPZYAtfTYAUIml","16tGjgz3tI34P7I5/4/TJJ","45aCadetRKtJBpis+PA5OV","3bAoxrodFFgoRoI2rb+ZjH","3bpaQPX65JHLmNtPiBNXd2","64nil8F4RAuLAMR5Khya02","f3r26n5xZOv54cIJ+l+IG5","fa73AIdMhLkqZX3DVUPp53","b1JQbTN+NBOI8r1ZZ+T225","87Oi+922VJa4DQxnfrN6Es","76IzYKesVEqqJiayWIwn7R","20Q+fFFFVB2pllpLJyj0RE","76OlHWMbZC75J0XVSi3dgZ","31dyOYhK5DH6xtK1ew1mdi","e97GVMl6JHh5Ml5qEDdSGa","f0BIwQ8D5Ml7nTNQbh1YlS","29FYIk+N1GYaeWH/q1NxQO","78/dcSo/JEdafSAhXCTM6e","1aMvx28L1PZpgPVpKcDKCz","e7q6FL+VZEgLJUjVeDLic/","93u2P5heJI+qXs6oddCrFt","02delMVqdBD70a/HSD99FK"],"scenes":{},"redirect":[66,0,68,0,115,0],"deps":["internal"],"packs":{"075345333":[18,22,70],"0ead8e951":[19,69,67],"043ec93fc":[112,110,107,21,106,111,114,113,108,109],"0349332ff":[84,11,85,24,95,105,91,86,20,97,98,93,73,96,87,77,94,79,99,81,89,74,104,92,103,75,80,82,10,102,72,83,90,76,71,78,9,100,8,101],"037eaa99f":[41,55,53,58,65,30,48,23,50,38,44,57,25,35,28,39,63,64,61,40,49,42,62,32,59,36,51,33,31,27,54,37,47,45,26,29,56,60,43,34,46,52]},"name":"resources","importBase":"import","nativeBase":"native","debug":false,"isZip":false,"encrypted":false,"versions":{"import":["0349332ff","ad0c4","037eaa99f","0afa5","043ec93fc","17e7a",13,"59be4","075345333","ee34e","0ead8e951","e5357",3,"8bf5f",4,"cac62",6,"cbd76",2,"405d4",15,"9db70",14,"19175",16,"b2af6",12,"ef7d7",5,"415a0",88,"43d76",17,"33ebc",1,"50046",0,"d1193",7,"c2cbf"],"native":[41,"c320d",13,"c90a7",11,"43a85",24,"6af9d",55,"059ce",53,"4346b",3,"f12ce",58,"e115c",65,"e1166",30,"0eab4",4,"aa4bd",48,"236f4",23,"1de51",22,"8a0b6",50,"7e265",38,"1f2a7",44,"0491d",57,"a0bf3",6,"a98f7",25,"be505",2,"de6dd",35,"77dcb",28,"89be9",39,"62f97",63,"5f1d9",64,"17dd6",15,"2214a",61,"c06a9",40,"e9190",14,"1549b",16,"e38e3",12,"35eaa",49,"f93d8",42,"52052",5,"3dab0",62,"e0234",32,"662ed",10,"e74d8",17,"57538",59,"83fcc",36,"cdc73",51,"48e9f",33,"40780",1,"2569a",31,"b7beb",27,"7f225",0,"b3481",54,"3cef7",37,"1d48e",47,"65245",45,"0cb4f",26,"14112",7,"98d0e",29,"21410",56,"ad8ec",60,"90cf4",43,"a274e",9,"8d889",34,"bae7b",8,"f6400",46,"fc958",52,"f4635"]}}