[1,["ecpdLyjvZBwrvm+cedCcQy","e7q6FL+VZEgLJUjVeDLic/","1aMvx28L1PZpgPVpKcDKCz","31dyOYhK5DH6xtK1ew1mdi","1b36c3b69","76OlHWMbZC75J0XVSi3dgZ","e97GVMl6JHh5Ml5qEDdSGa","f0BIwQ8D5Ml7nTNQbh1YlS","29FYIk+N1GYaeWH/q1NxQO","9dYAAftfRHJqYpJlnj3tC4","71VhFCTINJM6/Ky3oX9nBT","78/dcSo/JEdafSAhXCTM6e","a2MjXRFdtLlYQ5ouAFv/+R","7a/QZLET9IDreTiBfRn2PD","93u2P5heJI+qXs6oddCrFt","58MfI42OJASKcPaEj0RgZp","56fc2Ai/RFNYpaMT8crweK","b4P/PCArtIdIH38t6mlw8Y","e8Ueib+qJEhL6mXAHdnwbi"],["node","_spriteFrame","_parent","_textureSetter","checkMark","_N$target","_N$normalSprite","_N$pressedSprite","_N$hoverSprite","_N$disabledSprite","root","toggle_titleAudio","toggle_replay","toggle_stars","data","_N$skeletonData"],[["cc.Node",["_name","_active","_opacity","_objFlags","_components","_prefab","_contentSize","_parent","_children","_trs","_color","_anchorPoint"],-1,9,4,5,1,2,7,5,5],"cc.SpriteFrame",["cc.Widget",["_alignFlags","_originalWidth","_originalHeight","alignMode","_left","_top","_bottom","_right","node"],-5,1],["cc.Sprite",["_sizeMode","_isTrimmedMode","_type","node","_materials","_spriteFrame"],0,1,3,6],["cc.Label",["_string","_N$verticalAlign","_lineHeight","_N$horizontalAlign","_fontSize","_enableWrapText","_N$overflow","node","_materials"],-4,1,3],["cc.Node",["_name","_objFlags","_active","_parent","_components","_prefab","_contentSize"],0,1,2,4,5],["cc.PrefabInfo",["fileId","root"],2,1],["cc.Toggle",["_N$transition","_N$isChecked","node","_N$normalColor","_N$target","checkMark"],1,1,5,1,1],["cc.Layout",["_resize","_N$layoutType","_N$spacingX","node","_layoutSize"],0,1,5],["cc.Prefab",["_name"],2],["cc.Node",["_name","_parent","_children","_components","_prefab","_contentSize","_anchorPoint","_trs"],2,1,2,12,4,5,5,7],["70c27EBmWdPJYtgMQ9dyPZS",["node","toggle_stars","toggle_replay","toggle_titleAudio"],3,1,1,1,1],["cc.BlockInputEvents",["node"],3,1],["cc.Button",["_N$transition","node","clickEvents","_N$normalColor","_N$pressedColor","_N$disabledColor","_N$target","_N$normalSprite","_N$pressedSprite","_N$hoverSprite","_N$disabledSprite"],2,1,9,5,5,5,1,6,6,6,6],["cc.ClickEvent",["_componentId","handler","target"],1,1],["75b2dk5WVVO7LtxMPb6Uw7K",["node"],3,1],["cc.ToggleContainer",["node","checkEvents"],3,1,9],["sp.Skeleton",["defaultSkin","defaultAnimation","_preCacheMode","_animationName","node","_materials","_N$skeletonData"],-1,1,3,6],["sp.SkeletonData",["_name","_atlasText","textureNames","_skeletonJson","textures"],-1,3]],[[6,0,1,2],[0,0,7,4,5,10,6,9,2],[0,0,3,7,8,4,5,6,9,3],[0,0,8,4,5,6,9,2],[8,0,1,2,3,4,4],[8,0,1,3,4,3],[3,0,1,3,4,5,3],[3,0,1,3,4,3],[4,0,2,3,1,7,8,5],[14,0,1,2,3],[0,0,7,4,5,6,2],[2,0,4,8,3],[3,0,3,4,5,2],[4,0,4,2,3,1,7,8,6],[0,0,8,4,5,6,2],[0,0,7,8,4,5,6,11,9,2],[0,0,7,8,4,5,6,9,2],[10,0,1,2,3,4,5,6,7,2],[5,0,1,3,4,5,6,3],[5,0,1,2,3,4,5,6,4],[7,0,2,3,4,5,2],[7,0,1,2,3,4,5,3],[3,2,0,3,4,5,3],[4,0,4,2,5,3,1,6,7,8,8],[13,0,1,2,3,4,5,6,7,8,9,10,2],[16,0,1,1],[0,0,7,4,5,10,6,2],[12,0,1],[2,3,0,4,7,1,2,8,7],[2,0,8,2],[2,0,1,2,8,4],[9,0,2],[0,0,7,8,4,5,10,6,2],[0,0,8,4,5,10,6,9,2],[0,0,1,8,4,5,6,3],[0,0,7,4,5,10,6,11,9,2],[0,0,1,7,8,4,5,6,3],[0,0,2,7,8,4,5,10,3],[0,0,2,7,4,5,10,6,3],[11,0,1,2,3,1],[6,1,1],[2,0,5,6,1,2,8,6],[2,3,0,1,2,8,5],[4,0,1,7,8,3],[15,0,1],[17,0,1,2,3,4,5,6,5],[18,0,1,2,3,4,5]],[[[{"name":"default_radio_button_on","rect":[1,1,30,30],"offset":[0,0],"originalSize":[32,32],"capInsets":[0,0,0,0]}],[1],0,[0],[3],[9]],[[{"name":"default_btn_disabled","rect":[0,0,40,40],"offset":[0,0],"originalSize":[40,40],"capInsets":[12,12,12,12]}],[1],0,[0],[3],[10]],[[{"name":"btn01","rect":[3,477,50,50],"offset":[0,0],"originalSize":[50,50],"capInsets":[24,23,24,23]}],[1],0,[0],[3],[4]],[[[31,"TeacherPanel"],[14,"TeacherPanel",[-7,-8],[[39,-5,-4,-3,-2],[27,-6]],[40,-1],[5,2048,1152]],[14,"node_center",[-10,-11,-12,-13,-14],[[41,45,80,80,2048,800,-9]],[0,"59b6RM2MRJkYKI7yNbwW9P",1],[5,2048,992]],[3,"toggle1",[-19,-20],[[20,3,-17,[4,4292269782],-16,-15],[5,1,1,-18,[5,72,63]]],[0,"3b/yadFA1Lt4x3fIKMOKHD",1],[5,72,63],[36,3,0,0,0,0,1,1,1,0]],[3,"toggle1",[-25,-26],[[21,3,false,-23,[4,4292269782],-22,-21],[5,1,1,-24,[5,72,63]]],[0,"05947k6TlGx7eYE2f33suh",1],[5,72,63],[138,3,0,0,0,0,1,1,1,0]],[3,"toggle1",[-31,-32],[[20,3,-29,[4,4292269782],-28,-27],[5,1,1,-30,[5,72,63]]],[0,"73nrFqsppKY4ytOIb8/FAa",1],[5,72,63],[36,3,0,0,0,0,1,1,1,0]],[3,"toggle1",[-37,-38],[[21,3,false,-35,[4,4292269782],-34,-33],[5,1,1,-36,[5,72,63]]],[0,"b2xRqiRYVCqYL9guZ8GjUa",1],[5,72,63],[138,3,0,0,0,0,1,1,1,0]],[3,"toggle1",[-43,-44],[[20,3,-41,[4,4292269782],-40,-39],[5,1,1,-42,[5,72,63]]],[0,"e5AuXNFzxHI4Ilot/ajsLs",1],[5,72,63],[36,3,0,0,0,0,1,1,1,0]],[3,"toggle1",[-49,-50],[[21,3,false,-47,[4,4292269782],-46,-45],[5,1,1,-48,[5,72,63]]],[0,"cafzn7oG1G2JwKl25/MqEG",1],[5,72,63],[138,3,0,0,0,0,1,1,1,0]],[32,"bg",1,[-52,2,-53],[[12,0,-51,[54],55]],[0,"3cXgzTM4dJeZv4LsxNnbZA",1],[4,4293914607],[5,2048,1152]],[33,"Background",[-56],[[22,1,0,-54,[5],6],[42,0,45,100,40,-55]],[0,"a5/Hi5mCNLWpRrp9pJAzzg",1],[4,4292407642],[5,160,80],[0,0,0,0,0,0,1,1,1,0]],[3,"Background",[-59],[[22,1,0,-57,[12],13],[28,0,45,-0.5,-0.5,100,40,-58]],[0,"edO36nhI9JLrsP9kJ3mOU4",1],[5,161,80],[0,0,0,0,0,0,1,1,1,0]],[15,"node_star",2,[-62,-63],[[4,1,1,20,-60,[5,509.67,60]],[11,9,20,-61]],[0,"3aafHjbLNCMpxWzebkwD1S",1],[5,509.67,60],[0,0,0.5],[-1004,466,0,0,0,0,1,1,1,1]],[17,"toggleContainer_star",12,[3,4],[[-64,[4,1,1,30,-65,[5,174,63]]],1,4],[0,"0ds0pjjqtKL7sVkdSTtC+K",1],[5,174,63],[0,0,0.5],[335.67,-2.52,0,0,0,0,1,1,1,1]],[15,"node_replay",2,[-68,-69],[[4,1,1,20,-66,[5,369,60]],[11,9,610,-67]],[0,"2f5yIeC5RKuqS6ll3UEAdL",1],[5,369,60],[0,0,0.5],[-414,466,0,0,0,0,1,1,1,1]],[17,"toggleContainer_replay",14,[5,6],[[-70,[4,1,1,30,-71,[5,174,63]]],1,4],[0,"49YFy0WH1PYLb/Fnqw9ggy",1],[5,174,63],[0,0,0.5],[195,-2.52,0,0,0,0,1,1,1,1]],[15,"node_titleAudio",2,[-74,-75],[[4,1,1,20,-72,[5,579,60]],[11,9,1037.804,-73]],[0,"bfdBFGKKRE4JrIlHh0gejk",1],[5,579,60],[0,0,0.5],[13.804000000000087,466,0,0,0,0,1,1,1,1]],[17,"toggleContainer_titleAudio",16,[7,8],[[-76,[4,1,1,30,-77,[5,174,63]]],1,4],[0,"4eiAxtNs9OC6WgnTVbU23h",1],[5,174,63],[0,0,0.5],[405,-2.52,0,0,0,0,1,1,1,1]],[14,"Background",[-80],[[22,1,0,-78,[48],49],[28,0,45,-0.5,-0.5,100,40,-79]],[0,"07kfEepqBJ/btKbJNsKVkm",1],[5,161,60]],[2,"node_top",512,9,[-82,-83],[[29,41,-81]],[0,"11A2JQ0iBOaJWgLEqv2iug",1],[5,2048,80],[0,536,0,0,0,0,1,1,1,1]],[16,"New Node",2,[-85,-86],[[4,1,1,200,-84,[5,520,200]]],[0,"cbbAchvDROpKeDAxhzqCrv",1],[5,520,200],[0,-376.351,0,0,0,0,1,1,1,1]],[2,"node_bottom",512,9,[-88,-89],[[29,44,-87]],[0,"50fwDQYrpJfI3gy1OxXfhZ",1],[5,2048,80],[0,-536,0,0,0,0,1,1,1,1]],[34,"_nd_panel",false,[-91,-92],[[27,-90]],[0,"3a+UBTC8VA5rfwrJ4q+FH5",1],[5,2048,1152]],[26,"singleColor",19,[[12,0,-93,[0],1],[30,45,2,2,-94]],[0,"7de09oS+FA7r4+M2OExt8d",1],[4,4292335575],[5,2048,80]],[35,"label_title",19,[[43,"题目信息",1,-95,[2]],[11,8,20,-96]],[0,"65+vniGBhLeLhqj+2t91Fq",1],[4,4278190080],[5,160,50.4],[0,0,0.5],[-1004,0,0,0,0,0,1,1,1,1]],[16,"_btn_save",20,[10],[[24,3,-97,[[9,"70c27EBmWdPJYtgMQ9dyPZS","onBtnSaveClicked",1]],[4,4293322470],[4,4291348680],[4,3363338360],10,7,8,9,10]],[0,"08eTXfDsxJP5XWwX4r1ICd",1],[5,160,80],[-180,0,0,0,0,0,1,1,1,1]],[16,"_btn_view",20,[11],[[24,3,-98,[[9,"70c27EBmWdPJYtgMQ9dyPZS","onBtnViewClicked",1]],[4,4293322470],[4,4291348680],[4,3363338360],11,14,15,16,17]],[0,"06o5QRCT1AVZLMXv9lOb1a",1],[5,160,80],[180,0,0,0,0,0,1,1,1,1]],[2,"Background",512,3,[-100],[[6,2,false,-99,[20],21]],[0,"33i+1wKb9C8aVmGpFeXuQP",1],[5,32,32],[-20,0,0,0,0,0,1,1,1,1]],[2,"Background",512,4,[-102],[[6,2,false,-101,[24],25]],[0,"79TjD7xf9KqYH8NsCIWFdp",1],[5,32,32],[-20,0,0,0,0,0,1,1,1,1]],[2,"Background",512,5,[-104],[[6,2,false,-103,[29],30]],[0,"85X52AUQRKGpWuUnQt4UKz",1],[5,32,32],[-20,0,0,0,0,0,1,1,1,1]],[2,"Background",512,6,[-106],[[6,2,false,-105,[33],34]],[0,"e7bK7AmEVO5pG/bw1DlVVI",1],[5,32,32],[-20,0,0,0,0,0,1,1,1,1]],[2,"Background",512,7,[-108],[[6,2,false,-107,[38],39]],[0,"70ZzOg6KVJD6OBMhr/+x3S",1],[5,32,32],[-20,0,0,0,0,0,1,1,1,1]],[2,"Background",512,8,[-110],[[6,2,false,-109,[42],43]],[0,"cf2dAMQr5JHJjWXdBUM79k",1],[5,32,32],[-20,0,0,0,0,0,1,1,1,1]],[26,"singleColor",21,[[12,0,-111,[45],46],[30,45,2,2,-112]],[0,"77PwX0fu5JfoFenvb8ob9j",1],[4,4292335575],[5,2048,80]],[36,"btnView",false,21,[18],[[24,3,-113,[[9,"70c27EBmWdPJYtgMQ9dyPZS","onBtnViewClicked",1]],[4,4293322470],[4,4291348680],[4,3363338360],18,50,51,52,53]],[0,"e76Cos7ctI5r1e3xMvtuls",1],[5,160,60]],[37,"nd_loading",150,1,[22],[[44,-114]],[0,"c2d/qF5qZDY6vvhJG1XOsJ",1],[4,4278190080]],[1,"label",2,[[13,"非配置型课件，直接保存即可。",50,60,1,1,-115,[3]]],[0,"d8M7uIKwFKybNdtR6eBdZM",1],[4,4278190080],[5,700,75.6],[0,136.14500427246094,0,0,0,0,1,1,1,1]],[10,"Label",10,[[23,"保存",45,50,false,1,1,1,-116,[4]]],[0,"a2Bwp2OHlN9IUAJcFtYnbM",1],[5,100,50]],[10,"Label",11,[[23,"预览",45,50,false,1,1,1,-117,[11]]],[0,"ceAuNjA8JFTZpXoSI4ZCKl",1],[5,100,50]],[1,"New Label",12,[[13,"星级评判OverTips：",35,45,1,1,-118,[18]]],[0,"fe9FFJp9hGTrmtaH674fUn",1],[4,4278190080],[5,315.67,56.7],[157.835,0,0,0,0,0,1,1,1,1]],[18,"checkmark",512,27,[-119],[0,"c90/SHaqRL4raNTl4Vh+OE",1],[5,32,32]],[7,2,false,40,[19]],[1,"New Label",3,[[8,"开",50,1,1,-120,[22]]],[0,"fdCyc5ldFA0ZHeftsVKF4o",1],[4,4278190080],[5,40,63],[16,0,0,0,0,0,1,1,1,1]],[19,"checkmark",512,false,28,[-121],[0,"d0spGOgfBMNLFBGLUsJMXB",1],[5,32,32]],[7,2,false,43,[23]],[1,"New Label",4,[[8,"关",50,1,1,-122,[26]]],[0,"5e5qmNMz1DbYtTYSwd6QQv",1],[4,4278190080],[5,40,63],[16,0,0,0,0,0,1,1,1,1]],[25,13,[[9,"70c27EBmWdPJYtgMQ9dyPZS","onToggleStar",1]]],[1,"New Label",14,[[13,"再玩一次：",35,45,1,1,-123,[27]]],[0,"a0QZG99uRC2LybxkhOwwUl",1],[4,4278190080],[5,175,56.7],[87.5,0,0,0,0,0,1,1,1,1]],[18,"checkmark",512,29,[-124],[0,"5d7yJPUHFBD6xBEZqGBsxG",1],[5,32,32]],[7,2,false,48,[28]],[1,"New Label",5,[[8,"是",50,1,1,-125,[31]]],[0,"34LLLB/tFG3qh+b7cdrXAM",1],[4,4278190080],[5,40,63],[16,0,0,0,0,0,1,1,1,1]],[19,"checkmark",512,false,30,[-126],[0,"b1Xi0uDhxPko+JBquoAGk5",1],[5,32,32]],[7,2,false,51,[32]],[1,"New Label",6,[[8,"否",50,1,1,-127,[35]]],[0,"d6g4FPiZ1ACoTBBvzRpBdd",1],[4,4278190080],[5,40,63],[16,0,0,0,0,0,1,1,1,1]],[25,15,[[9,"70c27EBmWdPJYtgMQ9dyPZS","onToggleReplay",1]]],[1,"New Label",16,[[13,"是否自动播放题干语音：",35,45,1,1,-128,[36]]],[0,"e4m8mcj+RKvpFvYFuVgVqj",1],[4,4278190080],[5,385,56.7],[192.5,0,0,0,0,0,1,1,1,1]],[18,"checkmark",512,31,[-129],[0,"69N4f0+xNES6zntNyHUX8u",1],[5,32,32]],[7,2,false,56,[37]],[1,"New Label",7,[[8,"是",50,1,1,-130,[40]]],[0,"891WHUcgxCtKWtbdqyBNXu",1],[4,4278190080],[5,40,63],[16,0,0,0,0,0,1,1,1,1]],[19,"checkmark",512,false,32,[-131],[0,"0a7yYKRu1DSIFvoFru1fWP",1],[5,32,32]],[7,2,false,59,[41]],[1,"New Label",8,[[8,"否",50,1,1,-132,[44]]],[0,"61Gh1qi0lOjKxSzzeWwOAE",1],[4,4278190080],[5,40,63],[16,0,0,0,0,0,1,1,1,1]],[25,17,[[9,"70c27EBmWdPJYtgMQ9dyPZS","onToggleTitleAudio",1]]],[10,"Label",18,[[23,"检测",45,50,false,1,1,1,-133,[47]]],[0,"2bXPmAUNlJ+qQAQr3fH4Sr",1],[5,100,50]],[38,"img_bg",150,22,[[12,0,-134,[56],57]],[0,"aefYLshfJBm7KFlC57tvR4",1],[4,4278190080],[5,2048,1152]],[10,"sp_loading",22,[[45,"default","animation",0,"animation",-135,[58],59]],[0,"e3+YmUkHpJZ6KxOVMLgzVn",1],[5,36,36]]],0,[0,10,1,0,11,62,0,12,54,0,13,46,0,0,1,0,0,1,0,-1,9,0,-2,35,0,0,2,0,-1,36,0,-2,20,0,-3,12,0,-4,14,0,-5,16,0,4,41,0,5,3,0,0,3,0,0,3,0,-1,27,0,-2,42,0,4,44,0,5,4,0,0,4,0,0,4,0,-1,28,0,-2,45,0,4,49,0,5,5,0,0,5,0,0,5,0,-1,29,0,-2,50,0,4,52,0,5,6,0,0,6,0,0,6,0,-1,30,0,-2,53,0,4,57,0,5,7,0,0,7,0,0,7,0,-1,31,0,-2,58,0,4,60,0,5,8,0,0,8,0,0,8,0,-1,32,0,-2,61,0,0,9,0,-1,19,0,-3,21,0,0,10,0,0,10,0,-1,37,0,0,11,0,0,11,0,-1,38,0,0,12,0,0,12,0,-1,39,0,-2,13,0,-1,46,0,0,13,0,0,14,0,0,14,0,-1,47,0,-2,15,0,-1,54,0,0,15,0,0,16,0,0,16,0,-1,55,0,-2,17,0,-1,62,0,0,17,0,0,18,0,0,18,0,-1,63,0,0,19,0,-1,23,0,-2,24,0,0,20,0,-1,25,0,-2,26,0,0,21,0,-1,33,0,-2,34,0,0,22,0,-1,64,0,-2,65,0,0,23,0,0,23,0,0,24,0,0,24,0,0,25,0,0,26,0,0,27,0,-1,40,0,0,28,0,-1,43,0,0,29,0,-1,48,0,0,30,0,-1,51,0,0,31,0,-1,56,0,0,32,0,-1,59,0,0,33,0,0,33,0,0,34,0,0,35,0,0,36,0,0,37,0,0,38,0,0,39,0,-1,41,0,0,42,0,-1,44,0,0,45,0,0,47,0,-1,49,0,0,50,0,-1,52,0,0,53,0,0,55,0,-1,57,0,0,58,0,-1,60,0,0,61,0,0,63,0,0,64,0,0,65,0,14,1,2,2,9,3,2,13,4,2,13,5,2,15,6,2,15,7,2,17,8,2,17,10,2,25,11,2,26,18,2,34,22,2,35,135],[0,0,0,0,0,0,0,0,0,0,0,0,0,0,0,0,0,0,0,0,0,0,0,0,0,0,0,0,0,0,0,0,0,0,0,0,0,0,0,0,0,0,0,0,0,0,0,0,0,0,0,0,0,0,0,0,0,0,0,0,41,44,49,52,57,60],[-1,1,-1,-1,-1,-1,1,6,7,8,9,-1,-1,1,6,7,8,9,-1,-1,-1,1,-1,-1,-1,1,-1,-1,-1,-1,1,-1,-1,-1,1,-1,-1,-1,-1,1,-1,-1,-1,1,-1,-1,1,-1,-1,1,6,7,8,9,-1,1,-1,1,-1,15,1,1,1,1,1,1],[0,5,0,0,0,0,3,3,6,7,8,0,0,11,3,6,7,8,0,0,0,1,0,0,0,1,0,0,0,0,1,0,0,0,1,0,0,0,0,1,0,0,0,1,0,0,5,0,0,3,3,6,7,8,0,5,0,12,13,14,2,2,2,2,2,2]],[[{"name":"singleColor","rect":[115,477,2,2],"offset":[0,0],"originalSize":[2,2],"capInsets":[0,0,0,0]}],[1],0,[0],[3],[4]],[[{"name":"btn02","rect":[59,477,50,50],"offset":[0,0],"originalSize":[50,50],"capInsets":[20,19,22,22]}],[1],0,[0],[3],[4]],[[[46,"loading_01","\nloading_01.png\nsize: 64,64\nformat: RGBA8888\nfilter: Linear,Linear\nrepeat: none\npoint_01\n  rotate: false\n  xy: 2, 2\n  size: 36, 36\n  orig: 36, 36\n  offset: 0, 0\n  index: -1\n",["loading_01.png"],{"skeleton":{"hash":"mMZ8e6FVoAMlIt+9ONbFwQhzRlg","spine":"3.7.94","width":36,"height":36,"images":"../images/","audio":""},"bones":[{"name":"root"},{"name":"point_01","parent":"root","length":51.21,"rotation":90},{"name":"point_1","parent":"root","length":51.21,"rotation":90},{"name":"point_2","parent":"root","length":51.21,"rotation":90},{"name":"point_3","parent":"root","length":51.21,"rotation":90},{"name":"point_4","parent":"root","length":51.21,"rotation":90}],"slots":[{"name":"point_01","bone":"point_01","attachment":"point_01"},{"name":"point_1","bone":"point_1","attachment":"point_01"},{"name":"point_2","bone":"point_2","attachment":"point_01"},{"name":"point_3","bone":"point_3","attachment":"point_01"},{"name":"point_4","bone":"point_4","attachment":"point_01"}],"skins":{"default":{"point_01":{"point_01":{"x":100,"rotation":-90,"width":36,"height":36}},"point_1":{"point_01":{"x":100,"scaleX":0.8,"scaleY":0.8,"rotation":-90,"width":36,"height":36}},"point_2":{"point_01":{"x":100,"scaleX":0.7,"scaleY":0.7,"rotation":-90,"width":36,"height":36}},"point_3":{"point_01":{"x":100,"scaleX":0.6,"scaleY":0.6,"rotation":-90,"width":36,"height":36}},"point_4":{"point_01":{"x":100,"scaleX":0.5,"scaleY":0.5,"rotation":-90,"width":36,"height":36}}}},"animations":{"animation":{"bones":{"point_01":{"rotate":[{"time":0,"angle":0},{"time":0.6667,"angle":-179.99},{"time":0.8333,"angle":88.73},{"time":1,"angle":0}]},"point_1":{"rotate":[{"time":0.1,"angle":0},{"time":0.7667,"angle":-179.99},{"time":0.9333,"angle":90},{"time":1.1,"angle":0}]},"point_4":{"rotate":[{"time":0.4,"angle":0},{"time":1.0667,"angle":-179.99},{"time":1.2333,"angle":90},{"time":1.4,"angle":0}]},"point_3":{"rotate":[{"time":0.3,"angle":0},{"time":0.9667,"angle":-179.99},{"time":1.1333,"angle":90},{"time":1.3,"angle":0}]},"point_2":{"rotate":[{"time":0.2,"angle":0},{"time":0.8667,"angle":-179.99},{"time":1.0333,"angle":90},{"time":1.2,"angle":0}]}}}}},[0]]],0,0,[0],[-1],[15]],[[{"name":"default_radio_button_off","rect":[3,3,26,26],"offset":[0,0],"originalSize":[32,32],"capInsets":[0,0,0,0]}],[1],0,[0],[3],[16]],[[{"name":"default_btn_pressed","rect":[0,0,40,40],"offset":[0,0],"originalSize":[40,40],"capInsets":[12,12,12,12]}],[1],0,[0],[3],[17]],[[{"name":"default_btn_normal","rect":[0,0,40,40],"offset":[0,0],"originalSize":[40,40],"capInsets":[12,12,12,12]}],[1],0,[0],[3],[18]]]]