{"paths":{"0":["audios/错误反馈",0],"1":["audios/答对啦",0],"2":["audios/答题错误",0],"3":["audios/答题胜利",0],"4":["audios/点击格子",0],"5":["audios/都对啦，你太棒了！",0],"6":["audios/环形道路",0],"7":["audios/记录下正确的数据",0],"8":["audios/间隔2格种1棵",0],"9":["audios/间隔3格种1棵",0],"10":["audios/间隔4格种1棵",0],"11":["audios/间隔6格种1棵",0],"12":["audios/两端都不种",0],"13":["audios/两端都要种",0],"14":["audios/请填写记录",0],"15":["audios/一端种一端不种",0],"16":["audios/这里有问题哦，再尝试一下吧",0],"17":["audios/种植",0],"18":["prefab/ui/Item/levelProgress",1],"19":["prefab/ui/Item/titleBoard",1],"20":["prefab/ui/panel/GamePanel",1]},"types":["cc.AudioClip","cc.Prefab"],"uuids":["ccweHxT8JGnqFZ5EyFClL6","bacIel3ZZOkaY9e2zVpuOI","46feDAk3NOXrK2Wsj0XnxZ","15BlmHy1pDhKRWRf6Bchmo","29Mz7R3GBB7622q/4SW7Q1","8fP7C6SWhN+rwI0VtuMPYe","38atvQo+hARbOf/gG+Y58Q","e5XRqGrQJLLJkwxKu0Jbr/","f5EbAsmFpMFIhG/3xuqWyC","ebU8/35LlBUqfv338izCK3","a6YWe5sTVHvb1Wn0VkERY6","04+zjj2dBMxZcfDCsyuSpu","80uxVNkN9KxbOIFusPAkaL","04dqZOLqRPRJmDN2MvasF2","775eFRadRPgaeEVdPHTM5b","5dsflJBrdBhLaK2FOETFAn","7e/vU51yhA8aN+LXMDTXXR","adlh/FTRtEo76u+/X6GuHO","07P9T3TBFNdbKyrQ+qqpoR","0fXsoQE5xNN49CN5F+6BzR","32+FX7rEVKcJkkZSzITPiN","2auoJYJ4pJ2I0/n84Jc4xZ","0bYl+7OWRE14KpDWSztTRV","2aN1fdLhBG8r9XFUq/ZcP2","c2uuwevD9LAbk2RcW/k1C/","53vxW+E65Mt7Hy8se7WwZT","3bU2ZrtxtCCoWrPlGeCfU1","e4Ln1C4N5BWZ8pArMTRwXl","bazNNZhhBI14OSOPBzFW1h","e5dkdGWodCH4YCOSeHbLfO","21zBX2kORPQaGf1UspbJZf","a3m79qdBhPk4keBYaUVx9J","b9kJ7cIApIM42+YoAHttbU","504w2cQR1NzbnqOCKDNJ1C","edVJyru1JDL65vnlOGumQ1","b81IBr2Z5AVrbeSyb1w2xm","2funNPh8FFD4b9jjPpHjqj","d5Klx9GkRDKq3JPDNg8U4h","533d12rhtBEJJfq5ws8a0F","03xd2UTABCg7cr8AajWubb","76HsE8TV5OZZ47x1EqsgP4","8eRISj2OZMJrGUsX4tENCw","eauDR43YVMoaU/j/ZmdBKS","e4HXJwWhhLXYwiJk5hHTpv","32KxLNlz5Hmbro7izVeBYZ","fbrDAEvJFIc7U2k/f6a5Zj","deL/SptUBAkorHiMF7x+Ap","82uZ7zTJpEMatGj0B0raCo","29io2WmlFJaaAOblsapxkf","b9Kd4apo1P/5EzQWitsIxK","2chmSVicFMEYE86R5Af069","fcFSN4dOtGVrRkCbliAa4c","d1mJNlArNIPZxdioxP2Hhk","135W7kyMFO56AjmBvrJ27c","12kPO5Wk9Ev6LwjvwamUWR","e8PJyM1GdGkac5vjYYRLr+","33icZMpahF8JDEkFFFiQ+z","15ffBQEe1I1rzeu9rm9slf","155d012e1","ecpdLyjvZBwrvm+cedCcQy","81IUWcisVCl5pQ0hqq8L81","7a/QZLET9IDreTiBfRn2PD","d5ul8M6vpKEpuc981aVRYt","47t8O2AQJMm5ti7zYMym9W","d7Cua7UUVPlbj01A7yb5PT","b5ifXmSbVK1Ku/tJdp8YU7","41GurozRJPHYRlUtQ7tYwD","70p5NYUMpHwoXo7pyirP/6","91G/BcFihNDpFLjDUdr466","cddUSAAZFIzZD4Otno98Gq","51/4BzXbZN4YMLfAJpAhNh","df9KV+tpZCsKp0W3sphDXY","63NC6r0XVFZL2BhnsGhyXF","9aHJTTe6hNf790ygsmMabW","6b9CP6hpFJw7QhFiSIHKT6","a4OzSnyTlGpqPAxnXXSPJb","bf8vj5lrtHV60rImvVLwFS","04WPEnYUVJXabOrcT2gf9E","07zJv7EA9E5Z0u7ELhdQ28","24sjaO+F5C84fPIZeWQbvZ","51Jm2tXW1E66UBU+MSYJVb","a2MjXRFdtLlYQ5ouAFv/+R","70ltlxiANMPZ4xdaE2RI7J","c4x3NwvflLhqrCKHPPBjrL","21AIE3iURAn7B2kdLBjTYe","76QFzOo3tHKajzx898qhuw","3d/i5k0wBEQIEqFmALLjZI","5dgNwoPndPZYAtfTYAUIml","16tGjgz3tI34P7I5/4/TJJ","45aCadetRKtJBpis+PA5OV","3bAoxrodFFgoRoI2rb+ZjH","3bpaQPX65JHLmNtPiBNXd2","64nil8F4RAuLAMR5Khya02","f3r26n5xZOv54cIJ+l+IG5","fa73AIdMhLkqZX3DVUPp53","b1JQbTN+NBOI8r1ZZ+T225","87Oi+922VJa4DQxnfrN6Es","76IzYKesVEqqJiayWIwn7R","20Q+fFFFVB2pllpLJyj0RE","02delMVqdBD70a/HSD99FK"],"scenes":{},"redirect":[59,0,61,0,99,0],"deps":["internal"],"packs":{"075345333":[18,21,60],"0ead8e951":[19,63,62],"0b33f8c6c":[77,11,78,22,88,98,84,79,20,90,91,86,66,89,80,70,87,72,92,74,82,67,97,85,96,68,73,81,75,10,95,65,76,83,69,64,71,9,93,8,94],"0bd9b2cfa":[39,54,53,58,57,30,48,23,50,36,44,56,26,33,25,38,40,47,41,31,35,49,32,28,24,52,37,46,43,27,29,55,42,34,45,51]},"name":"resources","importBase":"import","nativeBase":"native","debug":false,"isZip":false,"encrypted":false,"versions":{"import":[13,"59be4","075345333","3e7cc","0b33f8c6c","d8563","0bd9b2cfa","bbeb5","0ead8e951","1ec9e",3,"8bf5f",4,"cac62",6,"cbd76",2,"405d4",15,"9db70",14,"19175",16,"b2af6",12,"ef7d7",5,"415a0",17,"33ebc",1,"50046",0,"d1193",7,"c2cbf"],"native":[39,"c320d",13,"c90a7",11,"43a85",22,"6af9d",54,"059ce",53,"4346b",3,"f12ce",58,"5342e",57,"e115c",30,"0eab4",4,"aa4bd",48,"236f4",23,"1de51",21,"8a0b6",50,"7e265",36,"1f2a7",44,"0491d",56,"a0bf3",6,"a98f7",26,"be505",2,"de6dd",33,"77dcb",25,"89be9",38,"62f97",15,"2214a",40,"e9190",14,"1549b",16,"e38e3",12,"35eaa",47,"f93d8",41,"52052",5,"3dab0",31,"662ed",10,"e74d8",17,"57538",35,"cdc73",49,"48e9f",32,"40780",1,"2569a",28,"b7beb",24,"7f225",0,"b3481",52,"3cef7",37,"1d48e",46,"65245",43,"0cb4f",27,"14112",7,"98d0e",29,"21410",55,"ad8ec",42,"a274e",9,"8d889",34,"bae7b",8,"f6400",45,"fc958",51,"f4635"]}}